ADAMANTINA,ADAMANTINA,https://servicodados.ibge.gov.br/api/v2/malhas/35?resolucao=4&formato=application/vnd.geo+json,35,35035
AFONSO CLAUDIO,AFONSO CLAUDIO,https://servicodados.ibge.gov.br/api/v2/malhas/32?resolucao=4&formato=application/vnd.geo+json,32,32007
AGLOMERACAO URBANA DE SAO LUIS,AGLOMERACAO URBANA DE SAO LUIS,https://servicodados.ibge.gov.br/api/v2/malhas/21?resolucao=4&formato=application/vnd.geo+json,21,21002
AGRESTE DE ITABAIANA,AGRESTE DE ITABAIANA,https://servicodados.ibge.gov.br/api/v2/malhas/28?resolucao=4&formato=application/vnd.geo+json,28,28004
AGRESTE DE LAGARTO,AGRESTE DE LAGARTO,https://servicodados.ibge.gov.br/api/v2/malhas/28?resolucao=4&formato=application/vnd.geo+json,28,28006
AGRESTE POTIGUAR,AGRESTE POTIGUAR,https://servicodados.ibge.gov.br/api/v2/malhas/24?resolucao=4&formato=application/vnd.geo+json,24,24015
AIMORES,AIMORES,https://servicodados.ibge.gov.br/api/v2/malhas/31?resolucao=4&formato=application/vnd.geo+json,31,31041
ALAGOANA DO SERTAO DO SAO FRANCISCO,ALAGOANA DO SERTAO DO SAO FRANCISCO,https://servicodados.ibge.gov.br/api/v2/malhas/27?resolucao=4&formato=application/vnd.geo+json,27,27002
ALAGOINHAS,ALAGOINHAS,https://servicodados.ibge.gov.br/api/v2/malhas/29?resolucao=4&formato=application/vnd.geo+json,29,29017
ALEGRE,ALEGRE,https://servicodados.ibge.gov.br/api/v2/malhas/32?resolucao=4&formato=application/vnd.geo+json,32,32011
ALFENAS,ALFENAS,https://servicodados.ibge.gov.br/api/v2/malhas/31?resolucao=4&formato=application/vnd.geo+json,31,31049
ALMEIRIM,ALMEIRIM,https://servicodados.ibge.gov.br/api/v2/malhas/15?resolucao=4&formato=application/vnd.geo+json,15,15003
ALMENARA,ALMENARA,https://servicodados.ibge.gov.br/api/v2/malhas/31?resolucao=4&formato=application/vnd.geo+json,31,31014
ALTA FLORESTA,ALTA FLORESTA,https://servicodados.ibge.gov.br/api/v2/malhas/51?resolucao=4&formato=application/vnd.geo+json,51,51002
ALTAMIRA,ALTAMIRA,https://servicodados.ibge.gov.br/api/v2/malhas/15?resolucao=4&formato=application/vnd.geo+json,15,15015
ALTO ARAGUAIA,ALTO ARAGUAIA,https://servicodados.ibge.gov.br/api/v2/malhas/51?resolucao=4&formato=application/vnd.geo+json,51,51022
ALTO CAPIBARIBE,ALTO CAPIBARIBE,https://servicodados.ibge.gov.br/api/v2/malhas/26?resolucao=4&formato=application/vnd.geo+json,26,26009
ALTO GUAPORE,ALTO GUAPORE,https://servicodados.ibge.gov.br/api/v2/malhas/51?resolucao=4&formato=application/vnd.geo+json,51,51012
ALTO MEARIM E GRAJAU,ALTO MEARIM E GRAJAU,https://servicodados.ibge.gov.br/api/v2/malhas/21?resolucao=4&formato=application/vnd.geo+json,21,21011
ALTO MEDIO CANINDE,ALTO MEDIO CANINDE,https://servicodados.ibge.gov.br/api/v2/malhas/22?resolucao=4&formato=application/vnd.geo+json,22,22015
ALTO MEDIO GURGUEIA,ALTO MEDIO GURGUEIA,https://servicodados.ibge.gov.br/api/v2/malhas/22?resolucao=4&formato=application/vnd.geo+json,22,22010
ALTO PANTANAL,ALTO PANTANAL,https://servicodados.ibge.gov.br/api/v2/malhas/51?resolucao=4&formato=application/vnd.geo+json,51,51018
ALTO PARAGUAI,ALTO PARAGUAI,https://servicodados.ibge.gov.br/api/v2/malhas/51?resolucao=4&formato=application/vnd.geo+json,51,51015
ALTO PARNAIBA PIAUIENSE,ALTO PARNAIBA PIAUIENSE,https://servicodados.ibge.gov.br/api/v2/malhas/22?resolucao=4&formato=application/vnd.geo+json,22,22007
ALTO SOLIMOES,ALTO SOLIMOES,https://servicodados.ibge.gov.br/api/v2/malhas/13?resolucao=4&formato=application/vnd.geo+json,13,13003
ALTO TAQUARI,ALTO TAQUARI,https://servicodados.ibge.gov.br/api/v2/malhas/50?resolucao=4&formato=application/vnd.geo+json,50,50003
ALTO TELES PIRES,ALTO TELES PIRES,https://servicodados.ibge.gov.br/api/v2/malhas/51?resolucao=4&formato=application/vnd.geo+json,51,51006
ALVORADA D'OESTE,ALVORADA D'OESTE,https://servicodados.ibge.gov.br/api/v2/malhas/11?resolucao=4&formato=application/vnd.geo+json,11,11005
AMAPA,AMAPA,https://servicodados.ibge.gov.br/api/v2/malhas/16?resolucao=4&formato=application/vnd.geo+json,16,16002
AMPARO,AMPARO,https://servicodados.ibge.gov.br/api/v2/malhas/35?resolucao=4&formato=application/vnd.geo+json,35,35033
ANAPOLIS,ANAPOLIS,https://servicodados.ibge.gov.br/api/v2/malhas/52?resolucao=4&formato=application/vnd.geo+json,52,52007
ANDRADINA,ANDRADINA,https://servicodados.ibge.gov.br/api/v2/malhas/35?resolucao=4&formato=application/vnd.geo+json,35,35016
ANDRELANDIA,ANDRELANDIA,https://servicodados.ibge.gov.br/api/v2/malhas/31?resolucao=4&formato=application/vnd.geo+json,31,31055
ANGICOS,ANGICOS,https://servicodados.ibge.gov.br/api/v2/malhas/24?resolucao=4&formato=application/vnd.geo+json,24,24009
ANICUNS,ANICUNS,https://servicodados.ibge.gov.br/api/v2/malhas/52?resolucao=4&formato=application/vnd.geo+json,52,52009
APUCARANA,APUCARANA,https://servicodados.ibge.gov.br/api/v2/malhas/41?resolucao=4&formato=application/vnd.geo+json,41,41010
AQUIDAUANA,AQUIDAUANA,https://servicodados.ibge.gov.br/api/v2/malhas/50?resolucao=4&formato=application/vnd.geo+json,50,50002
ARACAJU,ARACAJU,https://servicodados.ibge.gov.br/api/v2/malhas/28?resolucao=4&formato=application/vnd.geo+json,28,28011
ARACATUBA,ARACATUBA,https://servicodados.ibge.gov.br/api/v2/malhas/35?resolucao=4&formato=application/vnd.geo+json,35,35017
ARACUAI,ARACUAI,https://servicodados.ibge.gov.br/api/v2/malhas/31?resolucao=4&formato=application/vnd.geo+json,31,31012
ARAGARCAS,ARAGARCAS,https://servicodados.ibge.gov.br/api/v2/malhas/52?resolucao=4&formato=application/vnd.geo+json,52,52003
ARAGUAINA,ARAGUAINA,https://servicodados.ibge.gov.br/api/v2/malhas/17?resolucao=4&formato=application/vnd.geo+json,17,17002
ARAPIRACA,ARAPIRACA,https://servicodados.ibge.gov.br/api/v2/malhas/27?resolucao=4&formato=application/vnd.geo+json,27,27006
ARARANGUA,ARARANGUA,https://servicodados.ibge.gov.br/api/v2/malhas/42?resolucao=4&formato=application/vnd.geo+json,42,42020
ARARAQUARA,ARARAQUARA,https://servicodados.ibge.gov.br/api/v2/malhas/35?resolucao=4&formato=application/vnd.geo+json,35,35024
ARARI,ARARI,https://servicodados.ibge.gov.br/api/v2/malhas/15?resolucao=4&formato=application/vnd.geo+json,15,15006
ARARIPINA,ARARIPINA,https://servicodados.ibge.gov.br/api/v2/malhas/26?resolucao=4&formato=application/vnd.geo+json,26,26001
ARAXA,ARAXA,https://servicodados.ibge.gov.br/api/v2/malhas/31?resolucao=4&formato=application/vnd.geo+json,31,31023
ARINOS,ARINOS,https://servicodados.ibge.gov.br/api/v2/malhas/51?resolucao=4&formato=application/vnd.geo+json,51,51005
ARIPUANA,ARIPUANA,https://servicodados.ibge.gov.br/api/v2/malhas/51?resolucao=4&formato=application/vnd.geo+json,51,51001
ARIQUEMES,ARIQUEMES,https://servicodados.ibge.gov.br/api/v2/malhas/11?resolucao=4&formato=application/vnd.geo+json,11,11003
ASSAI,ASSAI,https://servicodados.ibge.gov.br/api/v2/malhas/41?resolucao=4&formato=application/vnd.geo+json,41,41014
ASSIS,ASSIS,https://servicodados.ibge.gov.br/api/v2/malhas/35?resolucao=4&formato=application/vnd.geo+json,35,35039
ASTORGA,ASTORGA,https://servicodados.ibge.gov.br/api/v2/malhas/41?resolucao=4&formato=application/vnd.geo+json,41,41006
AURIFLAMA,AURIFLAMA,https://servicodados.ibge.gov.br/api/v2/malhas/35?resolucao=4&formato=application/vnd.geo+json,35,35006
AVARE,AVARE,https://servicodados.ibge.gov.br/api/v2/malhas/35?resolucao=4&formato=application/vnd.geo+json,35,35022
BACIA DE SAO JOAO,BACIA DE SAO JOAO,https://servicodados.ibge.gov.br/api/v2/malhas/33?resolucao=4&formato=application/vnd.geo+json,33,33009
BAIA DA ILHA GRANDE,BAIA DA ILHA GRANDE,https://servicodados.ibge.gov.br/api/v2/malhas/33?resolucao=4&formato=application/vnd.geo+json,33,33013
BAIXA VERDE,BAIXA VERDE,https://servicodados.ibge.gov.br/api/v2/malhas/24?resolucao=4&formato=application/vnd.geo+json,24,24013
BAIXADA MARANHENSE,BAIXADA MARANHENSE,https://servicodados.ibge.gov.br/api/v2/malhas/21?resolucao=4&formato=application/vnd.geo+json,21,21005
BAIXO COTINGUIBA,BAIXO COTINGUIBA,https://servicodados.ibge.gov.br/api/v2/malhas/28?resolucao=4&formato=application/vnd.geo+json,28,28010
BAIXO CURU,BAIXO CURU,https://servicodados.ibge.gov.br/api/v2/malhas/23?resolucao=4&formato=application/vnd.geo+json,23,23009
BAIXO JAGUARIBE,BAIXO JAGUARIBE,https://servicodados.ibge.gov.br/api/v2/malhas/23?resolucao=4&formato=application/vnd.geo+json,23,23023
BAIXO PANTANAL,BAIXO PANTANAL,https://servicodados.ibge.gov.br/api/v2/malhas/50?resolucao=4&formato=application/vnd.geo+json,50,50001
BAIXO PARNAIBA MARANHENSE,BAIXO PARNAIBA MARANHENSE,https://servicodados.ibge.gov.br/api/v2/malhas/21?resolucao=4&formato=application/vnd.geo+json,21,21013
BAIXO PARNAIBA PIAUIENSE,BAIXO PARNAIBA PIAUIENSE,https://servicodados.ibge.gov.br/api/v2/malhas/22?resolucao=4&formato=application/vnd.geo+json,22,22001
BANANAL,BANANAL,https://servicodados.ibge.gov.br/api/v2/malhas/35?resolucao=4&formato=application/vnd.geo+json,35,35052
BARBACENA,BARBACENA,https://servicodados.ibge.gov.br/api/v2/malhas/31?resolucao=4&formato=application/vnd.geo+json,31,31059
BARRA,BARRA,https://servicodados.ibge.gov.br/api/v2/malhas/29?resolucao=4&formato=application/vnd.geo+json,29,29006
BARRA DE SAO FRANCISCO,BARRA DE SAO FRANCISCO,https://servicodados.ibge.gov.br/api/v2/malhas/32?resolucao=4&formato=application/vnd.geo+json,32,32001
BARRA DO PIRAI,BARRA DO PIRAI,https://servicodados.ibge.gov.br/api/v2/malhas/33?resolucao=4&formato=application/vnd.geo+json,33,33012
BARREIRAS,BARREIRAS,https://servicodados.ibge.gov.br/api/v2/malhas/29?resolucao=4&formato=application/vnd.geo+json,29,29001
BARRETOS,BARRETOS,https://servicodados.ibge.gov.br/api/v2/malhas/35?resolucao=4&formato=application/vnd.geo+json,35,35009
BARRO,BARRO,https://servicodados.ibge.gov.br/api/v2/malhas/23?resolucao=4&formato=application/vnd.geo+json,23,23031
BATALHA,BATALHA,https://servicodados.ibge.gov.br/api/v2/malhas/27?resolucao=4&formato=application/vnd.geo+json,27,27004
BATATAIS,BATATAIS,https://servicodados.ibge.gov.br/api/v2/malhas/35?resolucao=4&formato=application/vnd.geo+json,35,35015
BATURITE,BATURITE,https://servicodados.ibge.gov.br/api/v2/malhas/23?resolucao=4&formato=application/vnd.geo+json,23,23013
BAURU,BAURU,https://servicodados.ibge.gov.br/api/v2/malhas/35?resolucao=4&formato=application/vnd.geo+json,35,35020
BELEM,BELEM,https://servicodados.ibge.gov.br/api/v2/malhas/15?resolucao=4&formato=application/vnd.geo+json,15,15007
BELO HORIZONTE,BELO HORIZONTE,https://servicodados.ibge.gov.br/api/v2/malhas/31?resolucao=4&formato=application/vnd.geo+json,31,31030
BERTOLINIA,BERTOLINIA,https://servicodados.ibge.gov.br/api/v2/malhas/22?resolucao=4&formato=application/vnd.geo+json,22,22008
BICO DO PAPAGAIO,BICO DO PAPAGAIO,https://servicodados.ibge.gov.br/api/v2/malhas/17?resolucao=4&formato=application/vnd.geo+json,17,17001
BIRIGUI,BIRIGUI,https://servicodados.ibge.gov.br/api/v2/malhas/35?resolucao=4&formato=application/vnd.geo+json,35,35018
BLUMENAU,BLUMENAU,https://servicodados.ibge.gov.br/api/v2/malhas/42?resolucao=4&formato=application/vnd.geo+json,42,42012
BOA VISTA,BOA VISTA,https://servicodados.ibge.gov.br/api/v2/malhas/14?resolucao=4&formato=application/vnd.geo+json,14,14001
BOCA DO ACRE,BOCA DO ACRE,https://servicodados.ibge.gov.br/api/v2/malhas/13?resolucao=4&formato=application/vnd.geo+json,13,13011
BOCAIUVA,BOCAIUVA,https://servicodados.ibge.gov.br/api/v2/malhas/31?resolucao=4&formato=application/vnd.geo+json,31,31009
BODOQUENA,BODOQUENA,https://servicodados.ibge.gov.br/api/v2/malhas/50?resolucao=4&formato=application/vnd.geo+json,50,50009
BOM DESPACHO,BOM DESPACHO,https://servicodados.ibge.gov.br/api/v2/malhas/31?resolucao=4&formato=application/vnd.geo+json,31,31026
BOM JESUS DA LAPA,BOM JESUS DA LAPA,https://servicodados.ibge.gov.br/api/v2/malhas/29?resolucao=4&formato=application/vnd.geo+json,29,29007
BOQUIM,BOQUIM,https://servicodados.ibge.gov.br/api/v2/malhas/28?resolucao=4&formato=application/vnd.geo+json,28,28012
BOQUIRA,BOQUIRA,https://servicodados.ibge.gov.br/api/v2/malhas/29?resolucao=4&formato=application/vnd.geo+json,29,29022
BORBOREMA POTIGUAR,BORBOREMA POTIGUAR,https://servicodados.ibge.gov.br/api/v2/malhas/24?resolucao=4&formato=application/vnd.geo+json,24,24014
BOTUCATU,BOTUCATU,https://servicodados.ibge.gov.br/api/v2/malhas/35?resolucao=4&formato=application/vnd.geo+json,35,35023
BRAGANCA PAULISTA,BRAGANCA PAULISTA,https://servicodados.ibge.gov.br/api/v2/malhas/35?resolucao=4&formato=application/vnd.geo+json,35,35048
BRAGANTINA,BRAGANTINA,https://servicodados.ibge.gov.br/api/v2/malhas/15?resolucao=4&formato=application/vnd.geo+json,15,15010
BRASILEIA,BRASILEIA,https://servicodados.ibge.gov.br/api/v2/malhas/12?resolucao=4&formato=application/vnd.geo+json,12,12005
BRASILIA,BRASILIA,https://servicodados.ibge.gov.br/api/v2/malhas/53?resolucao=4&formato=application/vnd.geo+json,53,53001
BREJO PARAIBANO,BREJO PARAIBANO,https://servicodados.ibge.gov.br/api/v2/malhas/25?resolucao=4&formato=application/vnd.geo+json,25,25015
BREJO PERNAMBUCANO,BREJO PERNAMBUCANO,https://servicodados.ibge.gov.br/api/v2/malhas/26?resolucao=4&formato=application/vnd.geo+json,26,26012
BREJO SANTO,BREJO SANTO,https://servicodados.ibge.gov.br/api/v2/malhas/23?resolucao=4&formato=application/vnd.geo+json,23,23033
BRUMADO,BRUMADO,https://servicodados.ibge.gov.br/api/v2/malhas/29?resolucao=4&formato=application/vnd.geo+json,29,29027
CACHOEIRA DO SUL,CACHOEIRA DO SUL,https://servicodados.ibge.gov.br/api/v2/malhas/43?resolucao=4&formato=application/vnd.geo+json,43,43022
CACHOEIRO DE ITAPEMIRIM,CACHOEIRO DE ITAPEMIRIM,https://servicodados.ibge.gov.br/api/v2/malhas/32?resolucao=4&formato=application/vnd.geo+json,32,32012
CACOAL,CACOAL,https://servicodados.ibge.gov.br/api/v2/malhas/11?resolucao=4&formato=application/vnd.geo+json,11,11006
CAJAZEIRAS,CAJAZEIRAS,https://servicodados.ibge.gov.br/api/v2/malhas/25?resolucao=4&formato=application/vnd.geo+json,25,25002
CAMAQUA,CAMAQUA,https://servicodados.ibge.gov.br/api/v2/malhas/43?resolucao=4&formato=application/vnd.geo+json,43,43028
CAMETA,CAMETA,https://servicodados.ibge.gov.br/api/v2/malhas/15?resolucao=4&formato=application/vnd.geo+json,15,15011
CAMPANHA CENTRAL,CAMPANHA CENTRAL,https://servicodados.ibge.gov.br/api/v2/malhas/43?resolucao=4&formato=application/vnd.geo+json,43,43030
CAMPANHA MERIDIONAL,CAMPANHA MERIDIONAL,https://servicodados.ibge.gov.br/api/v2/malhas/43?resolucao=4&formato=application/vnd.geo+json,43,43031
CAMPANHA OCIDENTAL,CAMPANHA OCIDENTAL,https://servicodados.ibge.gov.br/api/v2/malhas/43?resolucao=4&formato=application/vnd.geo+json,43,43029
CAMPINA GRANDE,CAMPINA GRANDE,https://servicodados.ibge.gov.br/api/v2/malhas/25?resolucao=4&formato=application/vnd.geo+json,25,25017
CAMPINAS,CAMPINAS,https://servicodados.ibge.gov.br/api/v2/malhas/35?resolucao=4&formato=application/vnd.geo+json,35,35032
CAMPO BELO,CAMPO BELO,https://servicodados.ibge.gov.br/api/v2/malhas/31?resolucao=4&formato=application/vnd.geo+json,31,31045
CAMPO GRANDE,CAMPO GRANDE,https://servicodados.ibge.gov.br/api/v2/malhas/50?resolucao=4&formato=application/vnd.geo+json,50,50004
CAMPO MAIOR,CAMPO MAIOR,https://servicodados.ibge.gov.br/api/v2/malhas/22?resolucao=4&formato=application/vnd.geo+json,22,22004
CAMPO MOURAO,CAMPO MOURAO,https://servicodados.ibge.gov.br/api/v2/malhas/41?resolucao=4&formato=application/vnd.geo+json,41,41005
CAMPOS DE LAGES,CAMPOS DE LAGES,https://servicodados.ibge.gov.br/api/v2/malhas/42?resolucao=4&formato=application/vnd.geo+json,42,42010
CAMPOS DO JORDAO,CAMPOS DO JORDAO,https://servicodados.ibge.gov.br/api/v2/malhas/35?resolucao=4&formato=application/vnd.geo+json,35,35049
CAMPOS DOS GOYTACAZES,CAMPOS DOS GOYTACAZES,https://servicodados.ibge.gov.br/api/v2/malhas/33?resolucao=4&formato=application/vnd.geo+json,33,33003
CANARANA,CANARANA,https://servicodados.ibge.gov.br/api/v2/malhas/51?resolucao=4&formato=application/vnd.geo+json,51,51010
CANINDE,CANINDE,https://servicodados.ibge.gov.br/api/v2/malhas/23?resolucao=4&formato=application/vnd.geo+json,23,23012
CANOINHAS,CANOINHAS,https://servicodados.ibge.gov.br/api/v2/malhas/42?resolucao=4&formato=application/vnd.geo+json,42,42006
CANTAGALO-CORDEIRO,CANTAGALO-CORDEIRO,https://servicodados.ibge.gov.br/api/v2/malhas/33?resolucao=4&formato=application/vnd.geo+json,33,33006
CAPANEMA,CAPANEMA,https://servicodados.ibge.gov.br/api/v2/malhas/41?resolucao=4&formato=application/vnd.geo+json,41,41025
CAPAO BONITO,CAPAO BONITO,https://servicodados.ibge.gov.br/api/v2/malhas/35?resolucao=4&formato=application/vnd.geo+json,35,35044
CAPELINHA,CAPELINHA,https://servicodados.ibge.gov.br/api/v2/malhas/31?resolucao=4&formato=application/vnd.geo+json,31,31011
CARACARAI,CARACARAI,https://servicodados.ibge.gov.br/api/v2/malhas/14?resolucao=4&formato=application/vnd.geo+json,14,14003
CARAGUATATUBA,CARAGUATATUBA,https://servicodados.ibge.gov.br/api/v2/malhas/35?resolucao=4&formato=application/vnd.geo+json,35,35054
CARATINGA,CARATINGA,https://servicodados.ibge.gov.br/api/v2/malhas/31?resolucao=4&formato=application/vnd.geo+json,31,31040
CARAZINHO,CARAZINHO,https://servicodados.ibge.gov.br/api/v2/malhas/43?resolucao=4&formato=application/vnd.geo+json,43,43009
CARIRA,CARIRA,https://servicodados.ibge.gov.br/api/v2/malhas/28?resolucao=4&formato=application/vnd.geo+json,28,28002
CARIRI,CARIRI,https://servicodados.ibge.gov.br/api/v2/malhas/23?resolucao=4&formato=application/vnd.geo+json,23,23032
CARIRI OCIDENTAL,CARIRI OCIDENTAL,https://servicodados.ibge.gov.br/api/v2/malhas/25?resolucao=4&formato=application/vnd.geo+json,25,25010
CARIRI ORIENTAL,CARIRI ORIENTAL,https://servicodados.ibge.gov.br/api/v2/malhas/25?resolucao=4&formato=application/vnd.geo+json,25,25011
CARIRIACU,CARIRIACU,https://servicodados.ibge.gov.br/api/v2/malhas/23?resolucao=4&formato=application/vnd.geo+json,23,23030
CASSILANDIA,CASSILANDIA,https://servicodados.ibge.gov.br/api/v2/malhas/50?resolucao=4&formato=application/vnd.geo+json,50,50005
CASTANHAL,CASTANHAL,https://servicodados.ibge.gov.br/api/v2/malhas/15?resolucao=4&formato=application/vnd.geo+json,15,15008
CATAGUASES,CATAGUASES,https://servicodados.ibge.gov.br/api/v2/malhas/31?resolucao=4&formato=application/vnd.geo+json,31,31066
CATALAO,CATALAO,https://servicodados.ibge.gov.br/api/v2/malhas/52?resolucao=4&formato=application/vnd.geo+json,52,52017
CATANDUVA,CATANDUVA,https://servicodados.ibge.gov.br/api/v2/malhas/35?resolucao=4&formato=application/vnd.geo+json,35,35005
CATOLE DO ROCHA,CATOLE DO ROCHA,https://servicodados.ibge.gov.br/api/v2/malhas/25?resolucao=4&formato=application/vnd.geo+json,25,25001
CATU,CATU,https://servicodados.ibge.gov.br/api/v2/malhas/29?resolucao=4&formato=application/vnd.geo+json,29,29019
CAXIAS,CAXIAS,https://servicodados.ibge.gov.br/api/v2/malhas/21?resolucao=4&formato=application/vnd.geo+json,21,21017
CAXIAS DO SUL,CAXIAS DO SUL,https://servicodados.ibge.gov.br/api/v2/malhas/43?resolucao=4&formato=application/vnd.geo+json,43,43016
CERES,CERES,https://servicodados.ibge.gov.br/api/v2/malhas/52?resolucao=4&formato=application/vnd.geo+json,52,52006
CERRO AZUL,CERRO AZUL,https://servicodados.ibge.gov.br/api/v2/malhas/41?resolucao=4&formato=application/vnd.geo+json,41,41035
CERRO LARGO,CERRO LARGO,https://servicodados.ibge.gov.br/api/v2/malhas/43?resolucao=4&formato=application/vnd.geo+json,43,43006
CHAPADA DO APODI,CHAPADA DO APODI,https://servicodados.ibge.gov.br/api/v2/malhas/24?resolucao=4&formato=application/vnd.geo+json,24,24002
CHAPADA DO ARARIPE,CHAPADA DO ARARIPE,https://servicodados.ibge.gov.br/api/v2/malhas/23?resolucao=4&formato=application/vnd.geo+json,23,23029
CHAPADA DOS VEADEIROS,CHAPADA DOS VEADEIROS,https://servicodados.ibge.gov.br/api/v2/malhas/52?resolucao=4&formato=application/vnd.geo+json,52,52005
CHAPADAS DAS MANGABEIRAS,CHAPADAS DAS MANGABEIRAS,https://servicodados.ibge.gov.br/api/v2/malhas/21?resolucao=4&formato=application/vnd.geo+json,21,21021
CHAPADAS DO ALTO ITAPECURU,CHAPADAS DO ALTO ITAPECURU,https://servicodados.ibge.gov.br/api/v2/malhas/21?resolucao=4&formato=application/vnd.geo+json,21,21018
CHAPADAS DO EXTREMO SUL PIAUIENSE,CHAPADAS DO EXTREMO SUL PIAUIENSE,https://servicodados.ibge.gov.br/api/v2/malhas/22?resolucao=4&formato=application/vnd.geo+json,22,22012
CHAPADINHA,CHAPADINHA,https://servicodados.ibge.gov.br/api/v2/malhas/21?resolucao=4&formato=application/vnd.geo+json,21,21014
CHAPECO,CHAPECO,https://servicodados.ibge.gov.br/api/v2/malhas/42?resolucao=4&formato=application/vnd.geo+json,42,42002
CHOROZINHO,CHOROZINHO,https://servicodados.ibge.gov.br/api/v2/malhas/23?resolucao=4&formato=application/vnd.geo+json,23,23014
CIANORTE,CIANORTE,https://servicodados.ibge.gov.br/api/v2/malhas/41?resolucao=4&formato=application/vnd.geo+json,41,41003
COARI,COARI,https://servicodados.ibge.gov.br/api/v2/malhas/13?resolucao=4&formato=application/vnd.geo+json,13,13006
CODO,CODO,https://servicodados.ibge.gov.br/api/v2/malhas/21?resolucao=4&formato=application/vnd.geo+json,21,21015
COELHO NETO,COELHO NETO,https://servicodados.ibge.gov.br/api/v2/malhas/21?resolucao=4&formato=application/vnd.geo+json,21,21016
COLATINA,COLATINA,https://servicodados.ibge.gov.br/api/v2/malhas/32?resolucao=4&formato=application/vnd.geo+json,32,32003
COLIDER,COLIDER,https://servicodados.ibge.gov.br/api/v2/malhas/51?resolucao=4&formato=application/vnd.geo+json,51,51003
COLORADO DO OESTE,COLORADO DO OESTE,https://servicodados.ibge.gov.br/api/v2/malhas/11?resolucao=4&formato=application/vnd.geo+json,11,11008
CONCEICAO DO ARAGUAIA,CONCEICAO DO ARAGUAIA,https://servicodados.ibge.gov.br/api/v2/malhas/15?resolucao=4&formato=application/vnd.geo+json,15,15022
CONCEICAO DO MATO DENTRO,CONCEICAO DO MATO DENTRO,https://servicodados.ibge.gov.br/api/v2/malhas/31?resolucao=4&formato=application/vnd.geo+json,31,31028
CONCORDIA,CONCORDIA,https://servicodados.ibge.gov.br/api/v2/malhas/42?resolucao=4&formato=application/vnd.geo+json,42,42005
CONSELHEIRO LAFAIETE,CONSELHEIRO LAFAIETE,https://servicodados.ibge.gov.br/api/v2/malhas/31?resolucao=4&formato=application/vnd.geo+json,31,31034
COREAU,COREAU,https://servicodados.ibge.gov.br/api/v2/malhas/23?resolucao=4&formato=application/vnd.geo+json,23,23003
CORNELIO PROCOPIO,CORNELIO PROCOPIO,https://servicodados.ibge.gov.br/api/v2/malhas/41?resolucao=4&formato=application/vnd.geo+json,41,41015
COTEGIPE,COTEGIPE,https://servicodados.ibge.gov.br/api/v2/malhas/29?resolucao=4&formato=application/vnd.geo+json,29,29002
COTINGUIBA,COTINGUIBA,https://servicodados.ibge.gov.br/api/v2/malhas/28?resolucao=4&formato=application/vnd.geo+json,28,28008
CRICIUMA,CRICIUMA,https://servicodados.ibge.gov.br/api/v2/malhas/42?resolucao=4&formato=application/vnd.geo+json,42,42019
CRUZ ALTA,CRUZ ALTA,https://servicodados.ibge.gov.br/api/v2/malhas/43?resolucao=4&formato=application/vnd.geo+json,43,43011
CRUZEIRO DO SUL,CRUZEIRO DO SUL,https://servicodados.ibge.gov.br/api/v2/malhas/12?resolucao=4&formato=application/vnd.geo+json,12,12001
CUIABA,CUIABA,https://servicodados.ibge.gov.br/api/v2/malhas/51?resolucao=4&formato=application/vnd.geo+json,51,51017
CURIMATAU OCIDENTAL,CURIMATAU OCIDENTAL,https://servicodados.ibge.gov.br/api/v2/malhas/25?resolucao=4&formato=application/vnd.geo+json,25,25012
CURIMATAU ORIENTAL,CURIMATAU ORIENTAL,https://servicodados.ibge.gov.br/api/v2/malhas/25?resolucao=4&formato=application/vnd.geo+json,25,25013
CURITIBA,CURITIBA,https://servicodados.ibge.gov.br/api/v2/malhas/41?resolucao=4&formato=application/vnd.geo+json,41,41037
CURITIBANOS,CURITIBANOS,https://servicodados.ibge.gov.br/api/v2/malhas/42?resolucao=4&formato=application/vnd.geo+json,42,42009
CURVELO,CURVELO,https://servicodados.ibge.gov.br/api/v2/malhas/31?resolucao=4&formato=application/vnd.geo+json,31,31025
DIAMANTINA,DIAMANTINA,https://servicodados.ibge.gov.br/api/v2/malhas/31?resolucao=4&formato=application/vnd.geo+json,31,31010
DIANOPOLIS,DIANOPOLIS,https://servicodados.ibge.gov.br/api/v2/malhas/17?resolucao=4&formato=application/vnd.geo+json,17,17008
DIVINOPOLIS,DIVINOPOLIS,https://servicodados.ibge.gov.br/api/v2/malhas/31?resolucao=4&formato=application/vnd.geo+json,31,31043
DOURADOS,DOURADOS,https://servicodados.ibge.gov.br/api/v2/malhas/50?resolucao=4&formato=application/vnd.geo+json,50,50010
DRACENA,DRACENA,https://servicodados.ibge.gov.br/api/v2/malhas/35?resolucao=4&formato=application/vnd.geo+json,35,35034
ENTORNO DE BRASILIA,ENTORNO DE BRASILIA,https://servicodados.ibge.gov.br/api/v2/malhas/52?resolucao=4&formato=application/vnd.geo+json,52,52012
ENTRE RIOS,ENTRE RIOS,https://servicodados.ibge.gov.br/api/v2/malhas/29?resolucao=4&formato=application/vnd.geo+json,29,29018
ERECHIM,ERECHIM,https://servicodados.ibge.gov.br/api/v2/malhas/43?resolucao=4&formato=application/vnd.geo+json,43,43004
ESPERANCA,ESPERANCA,https://servicodados.ibge.gov.br/api/v2/malhas/25?resolucao=4&formato=application/vnd.geo+json,25,25014
ESTANCIA,ESTANCIA,https://servicodados.ibge.gov.br/api/v2/malhas/28?resolucao=4&formato=application/vnd.geo+json,28,28013
EUCLIDES DA CUNHA,EUCLIDES DA CUNHA,https://servicodados.ibge.gov.br/api/v2/malhas/29?resolucao=4&formato=application/vnd.geo+json,29,29014
FAXINAL,FAXINAL,https://servicodados.ibge.gov.br/api/v2/malhas/41?resolucao=4&formato=application/vnd.geo+json,41,41012
FEIRA DE SANTANA,FEIRA DE SANTANA,https://servicodados.ibge.gov.br/api/v2/malhas/29?resolucao=4&formato=application/vnd.geo+json,29,29012
FERNANDO DE NORONHA,FERNANDO DE NORONHA,https://servicodados.ibge.gov.br/api/v2/malhas/26?resolucao=4&formato=application/vnd.geo+json,26,26019
FERNANDOPOLIS,FERNANDOPOLIS,https://servicodados.ibge.gov.br/api/v2/malhas/35?resolucao=4&formato=application/vnd.geo+json,35,35002
FLORAI,FLORAI,https://servicodados.ibge.gov.br/api/v2/malhas/41?resolucao=4&formato=application/vnd.geo+json,41,41008
FLORIANO,FLORIANO,https://servicodados.ibge.gov.br/api/v2/malhas/22?resolucao=4&formato=application/vnd.geo+json,22,22009
FLORIANOPOLIS,FLORIANOPOLIS,https://servicodados.ibge.gov.br/api/v2/malhas/42?resolucao=4&formato=application/vnd.geo+json,42,42016
FORMIGA,FORMIGA,https://servicodados.ibge.gov.br/api/v2/malhas/31?resolucao=4&formato=application/vnd.geo+json,31,31044
FORTALEZA,FORTALEZA,https://servicodados.ibge.gov.br/api/v2/malhas/23?resolucao=4&formato=application/vnd.geo+json,23,23016
FOZ DO IGUACU,FOZ DO IGUACU,https://servicodados.ibge.gov.br/api/v2/malhas/41?resolucao=4&formato=application/vnd.geo+json,41,41024
FRANCA,FRANCA,https://servicodados.ibge.gov.br/api/v2/malhas/35?resolucao=4&formato=application/vnd.geo+json,35,35012
FRANCISCO BELTRAO,FRANCISCO BELTRAO,https://servicodados.ibge.gov.br/api/v2/malhas/41?resolucao=4&formato=application/vnd.geo+json,41,41026
FRANCO DA ROCHA,FRANCO DA ROCHA,https://servicodados.ibge.gov.br/api/v2/malhas/35?resolucao=4&formato=application/vnd.geo+json,35,35058
FREDERICO WESTPHALEN,FREDERICO WESTPHALEN,https://servicodados.ibge.gov.br/api/v2/malhas/43?resolucao=4&formato=application/vnd.geo+json,43,43003
FRUTAL,FRUTAL,https://servicodados.ibge.gov.br/api/v2/malhas/31?resolucao=4&formato=application/vnd.geo+json,31,31021
FUROS DE BREVES,FUROS DE BREVES,https://servicodados.ibge.gov.br/api/v2/malhas/15?resolucao=4&formato=application/vnd.geo+json,15,15005
GARANHUNS,GARANHUNS,https://servicodados.ibge.gov.br/api/v2/malhas/26?resolucao=4&formato=application/vnd.geo+json,26,26011
GERAIS DE BALSAS,GERAIS DE BALSAS,https://servicodados.ibge.gov.br/api/v2/malhas/21?resolucao=4&formato=application/vnd.geo+json,21,21020
GOIANIA,GOIANIA,https://servicodados.ibge.gov.br/api/v2/malhas/52?resolucao=4&formato=application/vnd.geo+json,52,52010
GOIOERE,GOIOERE,https://servicodados.ibge.gov.br/api/v2/malhas/41?resolucao=4&formato=application/vnd.geo+json,41,41004
GOVERNADOR VALADARES,GOVERNADOR VALADARES,https://servicodados.ibge.gov.br/api/v2/malhas/31?resolucao=4&formato=application/vnd.geo+json,31,31037
GRAMADO-CANELA,GRAMADO-CANELA,https://servicodados.ibge.gov.br/api/v2/malhas/43?resolucao=4&formato=application/vnd.geo+json,43,43024
GRAO MOGOL,GRAO MOGOL,https://servicodados.ibge.gov.br/api/v2/malhas/31?resolucao=4&formato=application/vnd.geo+json,31,31008
GUAJARA-MIRIM,GUAJARA-MIRIM,https://servicodados.ibge.gov.br/api/v2/malhas/11?resolucao=4&formato=application/vnd.geo+json,11,11002
GUAMA,GUAMA,https://servicodados.ibge.gov.br/api/v2/malhas/15?resolucao=4&formato=application/vnd.geo+json,15,15013
GUANAMBI,GUANAMBI,https://servicodados.ibge.gov.br/api/v2/malhas/29?resolucao=4&formato=application/vnd.geo+json,29,29026
GUANHAES,GUANHAES,https://servicodados.ibge.gov.br/api/v2/malhas/31?resolucao=4&formato=application/vnd.geo+json,31,31035
GUAPORE,GUAPORE,https://servicodados.ibge.gov.br/api/v2/malhas/43?resolucao=4&formato=application/vnd.geo+json,43,43014
GUARABIRA,GUARABIRA,https://servicodados.ibge.gov.br/api/v2/malhas/25?resolucao=4&formato=application/vnd.geo+json,25,25016
GUARAPARI,GUARAPARI,https://servicodados.ibge.gov.br/api/v2/malhas/32?resolucao=4&formato=application/vnd.geo+json,32,32010
GUARAPUAVA,GUARAPUAVA,https://servicodados.ibge.gov.br/api/v2/malhas/41?resolucao=4&formato=application/vnd.geo+json,41,41029
GUARATINGUETA,GUARATINGUETA,https://servicodados.ibge.gov.br/api/v2/malhas/35?resolucao=4&formato=application/vnd.geo+json,35,35051
GUARULHOS,GUARULHOS,https://servicodados.ibge.gov.br/api/v2/malhas/35?resolucao=4&formato=application/vnd.geo+json,35,35059
IBAITI,IBAITI,https://servicodados.ibge.gov.br/api/v2/malhas/41?resolucao=4&formato=application/vnd.geo+json,41,41017
IBIAPABA,IBIAPABA,https://servicodados.ibge.gov.br/api/v2/malhas/23?resolucao=4&formato=application/vnd.geo+json,23,23002
IGUATEMI,IGUATEMI,https://servicodados.ibge.gov.br/api/v2/malhas/50?resolucao=4&formato=application/vnd.geo+json,50,50011
IGUATU,IGUATU,https://servicodados.ibge.gov.br/api/v2/malhas/23?resolucao=4&formato=application/vnd.geo+json,23,23026
IJUI,IJUI,https://servicodados.ibge.gov.br/api/v2/malhas/43?resolucao=4&formato=application/vnd.geo+json,43,43008
ILHEUS-ITABUNA,ILHEUS-ITABUNA,https://servicodados.ibge.gov.br/api/v2/malhas/29?resolucao=4&formato=application/vnd.geo+json,29,29031
IMPERATRIZ,IMPERATRIZ,https://servicodados.ibge.gov.br/api/v2/malhas/21?resolucao=4&formato=application/vnd.geo+json,21,21009
IPATINGA,IPATINGA,https://servicodados.ibge.gov.br/api/v2/malhas/31?resolucao=4&formato=application/vnd.geo+json,31,31039
IPORA,IPORA,https://servicodados.ibge.gov.br/api/v2/malhas/52?resolucao=4&formato=application/vnd.geo+json,52,52008
IPU,IPU,https://servicodados.ibge.gov.br/api/v2/malhas/23?resolucao=4&formato=application/vnd.geo+json,23,23006
IRATI,IRATI,https://servicodados.ibge.gov.br/api/v2/malhas/41?resolucao=4&formato=application/vnd.geo+json,41,41032
IRECE,IRECE,https://servicodados.ibge.gov.br/api/v2/malhas/29?resolucao=4&formato=application/vnd.geo+json,29,29009
ITABAIANA,ITABAIANA,https://servicodados.ibge.gov.br/api/v2/malhas/25?resolucao=4&formato=application/vnd.geo+json,25,25018
ITABERABA,ITABERABA,https://servicodados.ibge.gov.br/api/v2/malhas/29?resolucao=4&formato=application/vnd.geo+json,29,29011
ITABIRA,ITABIRA,https://servicodados.ibge.gov.br/api/v2/malhas/31?resolucao=4&formato=application/vnd.geo+json,31,31031
ITACOATIARA,ITACOATIARA,https://servicodados.ibge.gov.br/api/v2/malhas/13?resolucao=4&formato=application/vnd.geo+json,13,13009
ITAGUAI,ITAGUAI,https://servicodados.ibge.gov.br/api/v2/malhas/33?resolucao=4&formato=application/vnd.geo+json,33,33017
ITAGUARA,ITAGUARA,https://servicodados.ibge.gov.br/api/v2/malhas/31?resolucao=4&formato=application/vnd.geo+json,31,31032
ITAITUBA,ITAITUBA,https://servicodados.ibge.gov.br/api/v2/malhas/15?resolucao=4&formato=application/vnd.geo+json,15,15014
ITAJAI,ITAJAI,https://servicodados.ibge.gov.br/api/v2/malhas/42?resolucao=4&formato=application/vnd.geo+json,42,42013
ITAJUBA,ITAJUBA,https://servicodados.ibge.gov.br/api/v2/malhas/31?resolucao=4&formato=application/vnd.geo+json,31,31056
ITAMARACA,ITAMARACA,https://servicodados.ibge.gov.br/api/v2/malhas/26?resolucao=4&formato=application/vnd.geo+json,26,26016
ITANHAEM,ITANHAEM,https://servicodados.ibge.gov.br/api/v2/malhas/35?resolucao=4&formato=application/vnd.geo+json,35,35056
ITAPARICA,ITAPARICA,https://servicodados.ibge.gov.br/api/v2/malhas/26?resolucao=4&formato=application/vnd.geo+json,26,26006
ITAPECERICA DA SERRA,ITAPECERICA DA SERRA,https://servicodados.ibge.gov.br/api/v2/malhas/35?resolucao=4&formato=application/vnd.geo+json,35,35060
ITAPECURU MIRIM,ITAPECURU MIRIM,https://servicodados.ibge.gov.br/api/v2/malhas/21?resolucao=4&formato=application/vnd.geo+json,21,21006
ITAPEMIRIM,ITAPEMIRIM,https://servicodados.ibge.gov.br/api/v2/malhas/32?resolucao=4&formato=application/vnd.geo+json,32,32013
ITAPERUNA,ITAPERUNA,https://servicodados.ibge.gov.br/api/v2/malhas/33?resolucao=4&formato=application/vnd.geo+json,33,33001
ITAPETINGA,ITAPETINGA,https://servicodados.ibge.gov.br/api/v2/malhas/29?resolucao=4&formato=application/vnd.geo+json,29,29029
ITAPETININGA,ITAPETININGA,https://servicodados.ibge.gov.br/api/v2/malhas/35?resolucao=4&formato=application/vnd.geo+json,35,35042
ITAPEVA,ITAPEVA,https://servicodados.ibge.gov.br/api/v2/malhas/35?resolucao=4&formato=application/vnd.geo+json,35,35041
ITAPIPOCA,ITAPIPOCA,https://servicodados.ibge.gov.br/api/v2/malhas/23?resolucao=4&formato=application/vnd.geo+json,23,23008
ITAPORANGA,ITAPORANGA,https://servicodados.ibge.gov.br/api/v2/malhas/25?resolucao=4&formato=application/vnd.geo+json,25,25006
ITUIUTABA,ITUIUTABA,https://servicodados.ibge.gov.br/api/v2/malhas/31?resolucao=4&formato=application/vnd.geo+json,31,31017
ITUPORANGA,ITUPORANGA,https://servicodados.ibge.gov.br/api/v2/malhas/42?resolucao=4&formato=application/vnd.geo+json,42,42014
ITUVERAVA,ITUVERAVA,https://servicodados.ibge.gov.br/api/v2/malhas/35?resolucao=4&formato=application/vnd.geo+json,35,35011
IVAIPORA,IVAIPORA,https://servicodados.ibge.gov.br/api/v2/malhas/41?resolucao=4&formato=application/vnd.geo+json,41,41013
JABOTICABAL,JABOTICABAL,https://servicodados.ibge.gov.br/api/v2/malhas/35?resolucao=4&formato=application/vnd.geo+json,35,35013
JACAREZINHO,JACAREZINHO,https://servicodados.ibge.gov.br/api/v2/malhas/41?resolucao=4&formato=application/vnd.geo+json,41,41016
JACOBINA,JACOBINA,https://servicodados.ibge.gov.br/api/v2/malhas/29?resolucao=4&formato=application/vnd.geo+json,29,29010
JAGUARAO,JAGUARAO,https://servicodados.ibge.gov.br/api/v2/malhas/43?resolucao=4&formato=application/vnd.geo+json,43,43034
JAGUARIAIVA,JAGUARIAIVA,https://servicodados.ibge.gov.br/api/v2/malhas/41?resolucao=4&formato=application/vnd.geo+json,41,41020
JALAPAO,JALAPAO,https://servicodados.ibge.gov.br/api/v2/malhas/17?resolucao=4&formato=application/vnd.geo+json,17,17007
JALES,JALES,https://servicodados.ibge.gov.br/api/v2/malhas/35?resolucao=4&formato=application/vnd.geo+json,35,35001
JANAUBA,JANAUBA,https://servicodados.ibge.gov.br/api/v2/malhas/31?resolucao=4&formato=application/vnd.geo+json,31,31004
JANUARIA,JANUARIA,https://servicodados.ibge.gov.br/api/v2/malhas/31?resolucao=4&formato=application/vnd.geo+json,31,31003
JAPARATUBA,JAPARATUBA,https://servicodados.ibge.gov.br/api/v2/malhas/28?resolucao=4&formato=application/vnd.geo+json,28,28009
JAPURA,JAPURA,https://servicodados.ibge.gov.br/api/v2/malhas/13?resolucao=4&formato=application/vnd.geo+json,13,13002
JAU,JAU,https://servicodados.ibge.gov.br/api/v2/malhas/35?resolucao=4&formato=application/vnd.geo+json,35,35021
JAURU,JAURU,https://servicodados.ibge.gov.br/api/v2/malhas/51?resolucao=4&formato=application/vnd.geo+json,51,51014
JEQUIE,JEQUIE,https://servicodados.ibge.gov.br/api/v2/malhas/29?resolucao=4&formato=application/vnd.geo+json,29,29024
JEREMOABO,JEREMOABO,https://servicodados.ibge.gov.br/api/v2/malhas/29?resolucao=4&formato=application/vnd.geo+json,29,29013
JI-PARANA,JI-PARANA,https://servicodados.ibge.gov.br/api/v2/malhas/11?resolucao=4&formato=application/vnd.geo+json,11,11004
JOACABA,JOACABA,https://servicodados.ibge.gov.br/api/v2/malhas/42?resolucao=4&formato=application/vnd.geo+json,42,42004
JOAO PESSOA,JOAO PESSOA,https://servicodados.ibge.gov.br/api/v2/malhas/25?resolucao=4&formato=application/vnd.geo+json,25,25022
JOINVILLE,JOINVILLE,https://servicodados.ibge.gov.br/api/v2/malhas/42?resolucao=4&formato=application/vnd.geo+json,42,42008
JUAZEIRO,JUAZEIRO,https://servicodados.ibge.gov.br/api/v2/malhas/29?resolucao=4&formato=application/vnd.geo+json,29,29004
JUIZ DE FORA,JUIZ DE FORA,https://servicodados.ibge.gov.br/api/v2/malhas/31?resolucao=4&formato=application/vnd.geo+json,31,31065
JUNDIAI,JUNDIAI,https://servicodados.ibge.gov.br/api/v2/malhas/35?resolucao=4&formato=application/vnd.geo+json,35,35047
JURUA,JURUA,https://servicodados.ibge.gov.br/api/v2/malhas/13?resolucao=4&formato=application/vnd.geo+json,13,13004
LAGOS,LAGOS,https://servicodados.ibge.gov.br/api/v2/malhas/33?resolucao=4&formato=application/vnd.geo+json,33,33010
LAJEADO-ESTRELA,LAJEADO-ESTRELA,https://servicodados.ibge.gov.br/api/v2/malhas/43?resolucao=4&formato=application/vnd.geo+json,43,43021
LAPA,LAPA,https://servicodados.ibge.gov.br/api/v2/malhas/41?resolucao=4&formato=application/vnd.geo+json,41,41036
LAVRAS,LAVRAS,https://servicodados.ibge.gov.br/api/v2/malhas/31?resolucao=4&formato=application/vnd.geo+json,31,31057
LAVRAS DA MANGABEIRA,LAVRAS DA MANGABEIRA,https://servicodados.ibge.gov.br/api/v2/malhas/23?resolucao=4&formato=application/vnd.geo+json,23,23028
LENCOIS MARANHENSES,LENCOIS MARANHENSES,https://servicodados.ibge.gov.br/api/v2/malhas/21?resolucao=4&formato=application/vnd.geo+json,21,21004
LIMEIRA,LIMEIRA,https://servicodados.ibge.gov.br/api/v2/malhas/35?resolucao=4&formato=application/vnd.geo+json,35,35027
LINHARES,LINHARES,https://servicodados.ibge.gov.br/api/v2/malhas/32?resolucao=4&formato=application/vnd.geo+json,32,32006
LINS,LINS,https://servicodados.ibge.gov.br/api/v2/malhas/35?resolucao=4&formato=application/vnd.geo+json,35,35019
LITORAL DE ARACATI,LITORAL DE ARACATI,https://servicodados.ibge.gov.br/api/v2/malhas/23?resolucao=4&formato=application/vnd.geo+json,23,23022
LITORAL DE CAMOCIM E ACARAU,LITORAL DE CAMOCIM E ACARAU,https://servicodados.ibge.gov.br/api/v2/malhas/23?resolucao=4&formato=application/vnd.geo+json,23,23001
LITORAL LAGUNAR,LITORAL LAGUNAR,https://servicodados.ibge.gov.br/api/v2/malhas/43?resolucao=4&formato=application/vnd.geo+json,43,43035
LITORAL NORDESTE,LITORAL NORDESTE,https://servicodados.ibge.gov.br/api/v2/malhas/24?resolucao=4&formato=application/vnd.geo+json,24,24016
LITORAL NORTE,LITORAL NORTE,https://servicodados.ibge.gov.br/api/v2/malhas/25?resolucao=4&formato=application/vnd.geo+json,25,25020
LITORAL NORTE ALAGOANO,LITORAL NORTE ALAGOANO,https://servicodados.ibge.gov.br/api/v2/malhas/27?resolucao=4&formato=application/vnd.geo+json,27,27010
LITORAL OCIDENTAL MARANHENSE,LITORAL OCIDENTAL MARANHENSE,https://servicodados.ibge.gov.br/api/v2/malhas/21?resolucao=4&formato=application/vnd.geo+json,21,21001
LITORAL PIAUIENSE,LITORAL PIAUIENSE,https://servicodados.ibge.gov.br/api/v2/malhas/22?resolucao=4&formato=application/vnd.geo+json,22,22002
LIVRAMENTO DO BRUMADO,LIVRAMENTO DO BRUMADO,https://servicodados.ibge.gov.br/api/v2/malhas/29?resolucao=4&formato=application/vnd.geo+json,29,29025
LONDRINA,LONDRINA,https://servicodados.ibge.gov.br/api/v2/malhas/41?resolucao=4&formato=application/vnd.geo+json,41,41011
MACACU-CACERIBU,MACACU-CACERIBU,https://servicodados.ibge.gov.br/api/v2/malhas/33?resolucao=4&formato=application/vnd.geo+json,33,33016
MACAE,MACAE,https://servicodados.ibge.gov.br/api/v2/malhas/33?resolucao=4&formato=application/vnd.geo+json,33,33004
MACAIBA,MACAIBA,https://servicodados.ibge.gov.br/api/v2/malhas/24?resolucao=4&formato=application/vnd.geo+json,24,24017
MACAPA,MACAPA,https://servicodados.ibge.gov.br/api/v2/malhas/16?resolucao=4&formato=application/vnd.geo+json,16,16003
MACAU,MACAU,https://servicodados.ibge.gov.br/api/v2/malhas/24?resolucao=4&formato=application/vnd.geo+json,24,24008
MACEIO,MACEIO,https://servicodados.ibge.gov.br/api/v2/malhas/27?resolucao=4&formato=application/vnd.geo+json,27,27011
MADEIRA,MADEIRA,https://servicodados.ibge.gov.br/api/v2/malhas/13?resolucao=4&formato=application/vnd.geo+json,13,13013
MANAUS,MANAUS,https://servicodados.ibge.gov.br/api/v2/malhas/13?resolucao=4&formato=application/vnd.geo+json,13,13007
MANHUACU,MANHUACU,https://servicodados.ibge.gov.br/api/v2/malhas/31?resolucao=4&formato=application/vnd.geo+json,31,31061
MANTENA,MANTENA,https://servicodados.ibge.gov.br/api/v2/malhas/31?resolucao=4&formato=application/vnd.geo+json,31,31038
MARABA,MARABA,https://servicodados.ibge.gov.br/api/v2/malhas/15?resolucao=4&formato=application/vnd.geo+json,15,15020
MARILIA,MARILIA,https://servicodados.ibge.gov.br/api/v2/malhas/35?resolucao=4&formato=application/vnd.geo+json,35,35038
MARINGA,MARINGA,https://servicodados.ibge.gov.br/api/v2/malhas/41?resolucao=4&formato=application/vnd.geo+json,41,41009
MATA ALAGOANA,MATA ALAGOANA,https://servicodados.ibge.gov.br/api/v2/malhas/27?resolucao=4&formato=application/vnd.geo+json,27,27009
MATA MERIDIONAL PERNAMBUCANA,MATA MERIDIONAL PERNAMBUCANA,https://servicodados.ibge.gov.br/api/v2/malhas/26?resolucao=4&formato=application/vnd.geo+json,26,26015
MATA SETENTRIONAL PERNAMBUCANA,MATA SETENTRIONAL PERNAMBUCANA,https://servicodados.ibge.gov.br/api/v2/malhas/26?resolucao=4&formato=application/vnd.geo+json,26,26013
MAZAGAO,MAZAGAO,https://servicodados.ibge.gov.br/api/v2/malhas/16?resolucao=4&formato=application/vnd.geo+json,16,16004
MEDIO ARAGUAIA,MEDIO ARAGUAIA,https://servicodados.ibge.gov.br/api/v2/malhas/51?resolucao=4&formato=application/vnd.geo+json,51,51011
MEDIO CAPIBARIBE,MEDIO CAPIBARIBE,https://servicodados.ibge.gov.br/api/v2/malhas/26?resolucao=4&formato=application/vnd.geo+json,26,26010
MEDIO CURU,MEDIO CURU,https://servicodados.ibge.gov.br/api/v2/malhas/23?resolucao=4&formato=application/vnd.geo+json,23,23011
MEDIO JAGUARIBE,MEDIO JAGUARIBE,https://servicodados.ibge.gov.br/api/v2/malhas/23?resolucao=4&formato=application/vnd.geo+json,23,23024
MEDIO MEARIM,MEDIO MEARIM,https://servicodados.ibge.gov.br/api/v2/malhas/21?resolucao=4&formato=application/vnd.geo+json,21,21010
MEDIO OESTE,MEDIO OESTE,https://servicodados.ibge.gov.br/api/v2/malhas/24?resolucao=4&formato=application/vnd.geo+json,24,24003
MEDIO PARNAIBA PIAUIENSE,MEDIO PARNAIBA PIAUIENSE,https://servicodados.ibge.gov.br/api/v2/malhas/22?resolucao=4&formato=application/vnd.geo+json,22,22005
MEIA PONTE,MEIA PONTE,https://servicodados.ibge.gov.br/api/v2/malhas/52?resolucao=4&formato=application/vnd.geo+json,52,52015
MERUOCA,MERUOCA,https://servicodados.ibge.gov.br/api/v2/malhas/23?resolucao=4&formato=application/vnd.geo+json,23,23004
MIRACEMA DO TOCANTINS,MIRACEMA DO TOCANTINS,https://servicodados.ibge.gov.br/api/v2/malhas/17?resolucao=4&formato=application/vnd.geo+json,17,17003
MOGI DAS CRUZES,MOGI DAS CRUZES,https://servicodados.ibge.gov.br/api/v2/malhas/35?resolucao=4&formato=application/vnd.geo+json,35,35062
MOGI MIRIM,MOGI MIRIM,https://servicodados.ibge.gov.br/api/v2/malhas/35?resolucao=4&formato=application/vnd.geo+json,35,35031
MONTANHA,MONTANHA,https://servicodados.ibge.gov.br/api/v2/malhas/32?resolucao=4&formato=application/vnd.geo+json,32,32004
MONTENEGRO,MONTENEGRO,https://servicodados.ibge.gov.br/api/v2/malhas/43?resolucao=4&formato=application/vnd.geo+json,43,43023
MONTES CLAROS,MONTES CLAROS,https://servicodados.ibge.gov.br/api/v2/malhas/31?resolucao=4&formato=application/vnd.geo+json,31,31007
MOSSORO,MOSSORO,https://servicodados.ibge.gov.br/api/v2/malhas/24?resolucao=4&formato=application/vnd.geo+json,24,24001
MURIAE,MURIAE,https://servicodados.ibge.gov.br/api/v2/malhas/31?resolucao=4&formato=application/vnd.geo+json,31,31063
NANUQUE,NANUQUE,https://servicodados.ibge.gov.br/api/v2/malhas/31?resolucao=4&formato=application/vnd.geo+json,31,31016
NAO-ME-TOQUE,NAO-ME-TOQUE,https://servicodados.ibge.gov.br/api/v2/malhas/43?resolucao=4&formato=application/vnd.geo+json,43,43012
NATAL,NATAL,https://servicodados.ibge.gov.br/api/v2/malhas/24?resolucao=4&formato=application/vnd.geo+json,24,24018
NHANDEARA,NHANDEARA,https://servicodados.ibge.gov.br/api/v2/malhas/35?resolucao=4&formato=application/vnd.geo+json,35,35007
NORDESTE DE RORAIMA,NORDESTE DE RORAIMA,https://servicodados.ibge.gov.br/api/v2/malhas/14?resolucao=4&formato=application/vnd.geo+json,14,14002
NORTE ARAGUAIA,NORTE ARAGUAIA,https://servicodados.ibge.gov.br/api/v2/malhas/51?resolucao=4&formato=application/vnd.geo+json,51,51009
NOSSA SENHORA DAS DORES,NOSSA SENHORA DAS DORES,https://servicodados.ibge.gov.br/api/v2/malhas/28?resolucao=4&formato=application/vnd.geo+json,28,28003
NOVA ANDRADINA,NOVA ANDRADINA,https://servicodados.ibge.gov.br/api/v2/malhas/50?resolucao=4&formato=application/vnd.geo+json,50,50008
NOVA FRIBURGO,NOVA FRIBURGO,https://servicodados.ibge.gov.br/api/v2/malhas/33?resolucao=4&formato=application/vnd.geo+json,33,33007
NOVA VENECIA,NOVA VENECIA,https://servicodados.ibge.gov.br/api/v2/malhas/32?resolucao=4&formato=application/vnd.geo+json,32,32002
NOVO HORIZONTE,NOVO HORIZONTE,https://servicodados.ibge.gov.br/api/v2/malhas/35?resolucao=4&formato=application/vnd.geo+json,35,35008
OBIDOS,OBIDOS,https://servicodados.ibge.gov.br/api/v2/malhas/15?resolucao=4&formato=application/vnd.geo+json,15,15001
OIAPOQUE,OIAPOQUE,https://servicodados.ibge.gov.br/api/v2/malhas/16?resolucao=4&formato=application/vnd.geo+json,16,16001
OLIVEIRA,OLIVEIRA,https://servicodados.ibge.gov.br/api/v2/malhas/31?resolucao=4&formato=application/vnd.geo+json,31,31046
OSASCO,OSASCO,https://servicodados.ibge.gov.br/api/v2/malhas/35?resolucao=4&formato=application/vnd.geo+json,35,35057
OSORIO,OSORIO,https://servicodados.ibge.gov.br/api/v2/malhas/43?resolucao=4&formato=application/vnd.geo+json,43,43027
OURINHOS,OURINHOS,https://servicodados.ibge.gov.br/api/v2/malhas/35?resolucao=4&formato=application/vnd.geo+json,35,35040
OURO PRETO,OURO PRETO,https://servicodados.ibge.gov.br/api/v2/malhas/31?resolucao=4&formato=application/vnd.geo+json,31,31033
PACAJUS,PACAJUS,https://servicodados.ibge.gov.br/api/v2/malhas/23?resolucao=4&formato=application/vnd.geo+json,23,23017
PAJEU,PAJEU,https://servicodados.ibge.gov.br/api/v2/malhas/26?resolucao=4&formato=application/vnd.geo+json,26,26003
PALMAS,PALMAS,https://servicodados.ibge.gov.br/api/v2/malhas/41?resolucao=4&formato=application/vnd.geo+json,41,41030
PALMEIRA DOS INDIOS,PALMEIRA DOS INDIOS,https://servicodados.ibge.gov.br/api/v2/malhas/27?resolucao=4&formato=application/vnd.geo+json,27,27005
PARA DE MINAS,PARA DE MINAS,https://servicodados.ibge.gov.br/api/v2/malhas/31?resolucao=4&formato=application/vnd.geo+json,31,31029
PARACATU,PARACATU,https://servicodados.ibge.gov.br/api/v2/malhas/31?resolucao=4&formato=application/vnd.geo+json,31,31002
PARAGOMINAS,PARAGOMINAS,https://servicodados.ibge.gov.br/api/v2/malhas/15?resolucao=4&formato=application/vnd.geo+json,15,15017
PARAIBUNA/PARAITINGA,PARAIBUNA/PARAITINGA,https://servicodados.ibge.gov.br/api/v2/malhas/35?resolucao=4&formato=application/vnd.geo+json,35,35053
PARANAGUA,PARANAGUA,https://servicodados.ibge.gov.br/api/v2/malhas/41?resolucao=4&formato=application/vnd.geo+json,41,41038
PARANAIBA,PARANAIBA,https://servicodados.ibge.gov.br/api/v2/malhas/50?resolucao=4&formato=application/vnd.geo+json,50,50006
PARANATINGA,PARANATINGA,https://servicodados.ibge.gov.br/api/v2/malhas/51?resolucao=4&formato=application/vnd.geo+json,51,51008
PARANAVAI,PARANAVAI,https://servicodados.ibge.gov.br/api/v2/malhas/41?resolucao=4&formato=application/vnd.geo+json,41,41001
PARAUAPEBAS,PARAUAPEBAS,https://servicodados.ibge.gov.br/api/v2/malhas/15?resolucao=4&formato=application/vnd.geo+json,15,15019
PARECIS,PARECIS,https://servicodados.ibge.gov.br/api/v2/malhas/51?resolucao=4&formato=application/vnd.geo+json,51,51004
PARINTINS,PARINTINS,https://servicodados.ibge.gov.br/api/v2/malhas/13?resolucao=4&formato=application/vnd.geo+json,13,13010
PASSO FUNDO,PASSO FUNDO,https://servicodados.ibge.gov.br/api/v2/malhas/43?resolucao=4&formato=application/vnd.geo+json,43,43010
PASSOS,PASSOS,https://servicodados.ibge.gov.br/api/v2/malhas/31?resolucao=4&formato=application/vnd.geo+json,31,31047
PATO BRANCO,PATO BRANCO,https://servicodados.ibge.gov.br/api/v2/malhas/41?resolucao=4&formato=application/vnd.geo+json,41,41027
PATOS,PATOS,https://servicodados.ibge.gov.br/api/v2/malhas/25?resolucao=4&formato=application/vnd.geo+json,25,25004
PATOS DE MINAS,PATOS DE MINAS,https://servicodados.ibge.gov.br/api/v2/malhas/31?resolucao=4&formato=application/vnd.geo+json,31,31020
PATROCINIO,PATROCINIO,https://servicodados.ibge.gov.br/api/v2/malhas/31?resolucao=4&formato=application/vnd.geo+json,31,31019
PAU DOS FERROS,PAU DOS FERROS,https://servicodados.ibge.gov.br/api/v2/malhas/24?resolucao=4&formato=application/vnd.geo+json,24,24006
PAULO AFONSO,PAULO AFONSO,https://servicodados.ibge.gov.br/api/v2/malhas/29?resolucao=4&formato=application/vnd.geo+json,29,29005
PECANHA,PECANHA,https://servicodados.ibge.gov.br/api/v2/malhas/31?resolucao=4&formato=application/vnd.geo+json,31,31036
PEDRA AZUL,PEDRA AZUL,https://servicodados.ibge.gov.br/api/v2/malhas/31?resolucao=4&formato=application/vnd.geo+json,31,31013
PELOTAS,PELOTAS,https://servicodados.ibge.gov.br/api/v2/malhas/43?resolucao=4&formato=application/vnd.geo+json,43,43033
PENEDO,PENEDO,https://servicodados.ibge.gov.br/api/v2/malhas/27?resolucao=4&formato=application/vnd.geo+json,27,27013
PETROLINA,PETROLINA,https://servicodados.ibge.gov.br/api/v2/malhas/26?resolucao=4&formato=application/vnd.geo+json,26,26005
PIANCO,PIANCO,https://servicodados.ibge.gov.br/api/v2/malhas/25?resolucao=4&formato=application/vnd.geo+json,25,25005
PICOS,PICOS,https://servicodados.ibge.gov.br/api/v2/malhas/22?resolucao=4&formato=application/vnd.geo+json,22,22013
PIEDADE,PIEDADE,https://servicodados.ibge.gov.br/api/v2/malhas/35?resolucao=4&formato=application/vnd.geo+json,35,35045
PINDARE,PINDARE,https://servicodados.ibge.gov.br/api/v2/malhas/21?resolucao=4&formato=application/vnd.geo+json,21,21008
PIO IX,PIO IX,https://servicodados.ibge.gov.br/api/v2/malhas/22?resolucao=4&formato=application/vnd.geo+json,22,22014
PIRACICABA,PIRACICABA,https://servicodados.ibge.gov.br/api/v2/malhas/35?resolucao=4&formato=application/vnd.geo+json,35,35028
PIRAPORA,PIRAPORA,https://servicodados.ibge.gov.br/api/v2/malhas/31?resolucao=4&formato=application/vnd.geo+json,31,31006
PIRASSUNUNGA,PIRASSUNUNGA,https://servicodados.ibge.gov.br/api/v2/malhas/35?resolucao=4&formato=application/vnd.geo+json,35,35029
PIRES DO RIO,PIRES DO RIO,https://servicodados.ibge.gov.br/api/v2/malhas/52?resolucao=4&formato=application/vnd.geo+json,52,52016
PITANGA,PITANGA,https://servicodados.ibge.gov.br/api/v2/malhas/41?resolucao=4&formato=application/vnd.geo+json,41,41028
PIUI,PIUI,https://servicodados.ibge.gov.br/api/v2/malhas/31?resolucao=4&formato=application/vnd.geo+json,31,31042
POCOS DE CALDAS,POCOS DE CALDAS,https://servicodados.ibge.gov.br/api/v2/malhas/31?resolucao=4&formato=application/vnd.geo+json,31,31051
PONTA GROSSA,PONTA GROSSA,https://servicodados.ibge.gov.br/api/v2/malhas/41?resolucao=4&formato=application/vnd.geo+json,41,41021
PONTE NOVA,PONTE NOVA,https://servicodados.ibge.gov.br/api/v2/malhas/31?resolucao=4&formato=application/vnd.geo+json,31,31060
PORANGATU,PORANGATU,https://servicodados.ibge.gov.br/api/v2/malhas/52?resolucao=4&formato=application/vnd.geo+json,52,52004
PORECATU,PORECATU,https://servicodados.ibge.gov.br/api/v2/malhas/41?resolucao=4&formato=application/vnd.geo+json,41,41007
PORTEL,PORTEL,https://servicodados.ibge.gov.br/api/v2/malhas/15?resolucao=4&formato=application/vnd.geo+json,15,15004
PORTO ALEGRE,PORTO ALEGRE,https://servicodados.ibge.gov.br/api/v2/malhas/43?resolucao=4&formato=application/vnd.geo+json,43,43026
PORTO FRANCO,PORTO FRANCO,https://servicodados.ibge.gov.br/api/v2/malhas/21?resolucao=4&formato=application/vnd.geo+json,21,21019
PORTO NACIONAL,PORTO NACIONAL,https://servicodados.ibge.gov.br/api/v2/malhas/17?resolucao=4&formato=application/vnd.geo+json,17,17006
PORTO SEGURO,PORTO SEGURO,https://servicodados.ibge.gov.br/api/v2/malhas/29?resolucao=4&formato=application/vnd.geo+json,29,29032
PORTO VELHO,PORTO VELHO,https://servicodados.ibge.gov.br/api/v2/malhas/11?resolucao=4&formato=application/vnd.geo+json,11,11001
POUSO ALEGRE,POUSO ALEGRE,https://servicodados.ibge.gov.br/api/v2/malhas/31?resolucao=4&formato=application/vnd.geo+json,31,31052
PRESIDENTE DUTRA,PRESIDENTE DUTRA,https://servicodados.ibge.gov.br/api/v2/malhas/21?resolucao=4&formato=application/vnd.geo+json,21,21012
PRESIDENTE PRUDENTE,PRESIDENTE PRUDENTE,https://servicodados.ibge.gov.br/api/v2/malhas/35?resolucao=4&formato=application/vnd.geo+json,35,35036
PRIMAVERA DO LESTE,PRIMAVERA DO LESTE,https://servicodados.ibge.gov.br/api/v2/malhas/51?resolucao=4&formato=application/vnd.geo+json,51,51019
PROPRIA,PROPRIA,https://servicodados.ibge.gov.br/api/v2/malhas/28?resolucao=4&formato=application/vnd.geo+json,28,28007
PRUDENTOPOLIS,PRUDENTOPOLIS,https://servicodados.ibge.gov.br/api/v2/malhas/41?resolucao=4&formato=application/vnd.geo+json,41,41031
PURUS,PURUS,https://servicodados.ibge.gov.br/api/v2/malhas/13?resolucao=4&formato=application/vnd.geo+json,13,13012
QUIRINOPOLIS,QUIRINOPOLIS,https://servicodados.ibge.gov.br/api/v2/malhas/52?resolucao=4&formato=application/vnd.geo+json,52,52018
RECIFE,RECIFE,https://servicodados.ibge.gov.br/api/v2/malhas/26?resolucao=4&formato=application/vnd.geo+json,26,26017
REDENCAO,REDENCAO,https://servicodados.ibge.gov.br/api/v2/malhas/15?resolucao=4&formato=application/vnd.geo+json,15,15021
REGISTRO,REGISTRO,https://servicodados.ibge.gov.br/api/v2/malhas/35?resolucao=4&formato=application/vnd.geo+json,35,35055
RESTINGA SECA,RESTINGA SECA,https://servicodados.ibge.gov.br/api/v2/malhas/43?resolucao=4&formato=application/vnd.geo+json,43,43019
RIBEIRA DO POMBAL,RIBEIRA DO POMBAL,https://servicodados.ibge.gov.br/api/v2/malhas/29?resolucao=4&formato=application/vnd.geo+json,29,29015
RIBEIRAO PRETO,RIBEIRAO PRETO,https://servicodados.ibge.gov.br/api/v2/malhas/35?resolucao=4&formato=application/vnd.geo+json,35,35014
RIO BRANCO,RIO BRANCO,https://servicodados.ibge.gov.br/api/v2/malhas/12?resolucao=4&formato=application/vnd.geo+json,12,12004
RIO CLARO,RIO CLARO,https://servicodados.ibge.gov.br/api/v2/malhas/35?resolucao=4&formato=application/vnd.geo+json,35,35026
RIO DE JANEIRO,RIO DE JANEIRO,https://servicodados.ibge.gov.br/api/v2/malhas/33?resolucao=4&formato=application/vnd.geo+json,33,33018
RIO DO SUL,RIO DO SUL,https://servicodados.ibge.gov.br/api/v2/malhas/42?resolucao=4&formato=application/vnd.geo+json,42,42011
RIO FORMOSO,RIO FORMOSO,https://servicodados.ibge.gov.br/api/v2/malhas/17?resolucao=4&formato=application/vnd.geo+json,17,17004
RIO PRETO DA EVA,RIO PRETO DA EVA,https://servicodados.ibge.gov.br/api/v2/malhas/13?resolucao=4&formato=application/vnd.geo+json,13,13008
RIO VERMELHO,RIO VERMELHO,https://servicodados.ibge.gov.br/api/v2/malhas/52?resolucao=4&formato=application/vnd.geo+json,52,52002
RONDONOPOLIS,RONDONOPOLIS,https://servicodados.ibge.gov.br/api/v2/malhas/51?resolucao=4&formato=application/vnd.geo+json,51,51021
ROSARIO,ROSARIO,https://servicodados.ibge.gov.br/api/v2/malhas/21?resolucao=4&formato=application/vnd.geo+json,21,21003
ROSARIO OESTE,ROSARIO OESTE,https://servicodados.ibge.gov.br/api/v2/malhas/51?resolucao=4&formato=application/vnd.geo+json,51,51016
SALGADO,SALGADO,https://servicodados.ibge.gov.br/api/v2/malhas/15?resolucao=4&formato=application/vnd.geo+json,15,15009
SALGUEIRO,SALGUEIRO,https://servicodados.ibge.gov.br/api/v2/malhas/26?resolucao=4&formato=application/vnd.geo+json,26,26002
SALINAS,SALINAS,https://servicodados.ibge.gov.br/api/v2/malhas/31?resolucao=4&formato=application/vnd.geo+json,31,31005
SALVADOR,SALVADOR,https://servicodados.ibge.gov.br/api/v2/malhas/29?resolucao=4&formato=application/vnd.geo+json,29,29021
SANANDUVA,SANANDUVA,https://servicodados.ibge.gov.br/api/v2/malhas/43?resolucao=4&formato=application/vnd.geo+json,43,43005
SANTA CRUZ DO SUL,SANTA CRUZ DO SUL,https://servicodados.ibge.gov.br/api/v2/malhas/43?resolucao=4&formato=application/vnd.geo+json,43,43020
SANTA MARIA,SANTA MARIA,https://servicodados.ibge.gov.br/api/v2/malhas/43?resolucao=4&formato=application/vnd.geo+json,43,43018
SANTA MARIA DA VITORIA,SANTA MARIA DA VITORIA,https://servicodados.ibge.gov.br/api/v2/malhas/29?resolucao=4&formato=application/vnd.geo+json,29,29003
SANTA MARIA MADALENA,SANTA MARIA MADALENA,https://servicodados.ibge.gov.br/api/v2/malhas/33?resolucao=4&formato=application/vnd.geo+json,33,33008
SANTA QUITERIA,SANTA QUITERIA,https://servicodados.ibge.gov.br/api/v2/malhas/23?resolucao=4&formato=application/vnd.geo+json,23,23007
SANTA RITA DO SAPUCAI,SANTA RITA DO SAPUCAI,https://servicodados.ibge.gov.br/api/v2/malhas/31?resolucao=4&formato=application/vnd.geo+json,31,31053
SANTA ROSA,SANTA ROSA,https://servicodados.ibge.gov.br/api/v2/malhas/43?resolucao=4&formato=application/vnd.geo+json,43,43001
SANTA TERESA,SANTA TERESA,https://servicodados.ibge.gov.br/api/v2/malhas/32?resolucao=4&formato=application/vnd.geo+json,32,32008
SANTANA DO IPANEMA,SANTANA DO IPANEMA,https://servicodados.ibge.gov.br/api/v2/malhas/27?resolucao=4&formato=application/vnd.geo+json,27,27003
SANTAREM,SANTAREM,https://servicodados.ibge.gov.br/api/v2/malhas/15?resolucao=4&formato=application/vnd.geo+json,15,15002
SANTIAGO,SANTIAGO,https://servicodados.ibge.gov.br/api/v2/malhas/43?resolucao=4&formato=application/vnd.geo+json,43,43017
SANTO ANGELO,SANTO ANGELO,https://servicodados.ibge.gov.br/api/v2/malhas/43?resolucao=4&formato=application/vnd.geo+json,43,43007
SANTO ANTONIO DE JESUS,SANTO ANTONIO DE JESUS,https://servicodados.ibge.gov.br/api/v2/malhas/29?resolucao=4&formato=application/vnd.geo+json,29,29020
SANTO ANTONIO DE PADUA,SANTO ANTONIO DE PADUA,https://servicodados.ibge.gov.br/api/v2/malhas/33?resolucao=4&formato=application/vnd.geo+json,33,33002
SANTOS,SANTOS,https://servicodados.ibge.gov.br/api/v2/malhas/35?resolucao=4&formato=application/vnd.geo+json,35,35063
SAO BENTO DO SUL,SAO BENTO DO SUL,https://servicodados.ibge.gov.br/api/v2/malhas/42?resolucao=4&formato=application/vnd.geo+json,42,42007
SAO CARLOS,SAO CARLOS,https://servicodados.ibge.gov.br/api/v2/malhas/35?resolucao=4&formato=application/vnd.geo+json,35,35025
SAO FELIX DO XINGU,SAO FELIX DO XINGU,https://servicodados.ibge.gov.br/api/v2/malhas/15?resolucao=4&formato=application/vnd.geo+json,15,15018
SAO JERONIMO,SAO JERONIMO,https://servicodados.ibge.gov.br/api/v2/malhas/43?resolucao=4&formato=application/vnd.geo+json,43,43025
SAO JOAO DA BOA VISTA,SAO JOAO DA BOA VISTA,https://servicodados.ibge.gov.br/api/v2/malhas/35?resolucao=4&formato=application/vnd.geo+json,35,35030
SAO JOAO DEL REI,SAO JOAO DEL REI,https://servicodados.ibge.gov.br/api/v2/malhas/31?resolucao=4&formato=application/vnd.geo+json,31,31058
SAO JOAQUIM DA BARRA,SAO JOAQUIM DA BARRA,https://servicodados.ibge.gov.br/api/v2/malhas/35?resolucao=4&formato=application/vnd.geo+json,35,35010
SAO JOSE DO RIO PRETO,SAO JOSE DO RIO PRETO,https://servicodados.ibge.gov.br/api/v2/malhas/35?resolucao=4&formato=application/vnd.geo+json,35,35004
SAO JOSE DOS CAMPOS,SAO JOSE DOS CAMPOS,https://servicodados.ibge.gov.br/api/v2/malhas/35?resolucao=4&formato=application/vnd.geo+json,35,35050
SAO LOURENCO,SAO LOURENCO,https://servicodados.ibge.gov.br/api/v2/malhas/31?resolucao=4&formato=application/vnd.geo+json,31,31054
SAO MATEUS,SAO MATEUS,https://servicodados.ibge.gov.br/api/v2/malhas/32?resolucao=4&formato=application/vnd.geo+json,32,32005
SAO MATEUS DO SUL,SAO MATEUS DO SUL,https://servicodados.ibge.gov.br/api/v2/malhas/41?resolucao=4&formato=application/vnd.geo+json,41,41034
SAO MIGUEL DO ARAGUAIA,SAO MIGUEL DO ARAGUAIA,https://servicodados.ibge.gov.br/api/v2/malhas/52?resolucao=4&formato=application/vnd.geo+json,52,52001
SAO MIGUEL DO OESTE,SAO MIGUEL DO OESTE,https://servicodados.ibge.gov.br/api/v2/malhas/42?resolucao=4&formato=application/vnd.geo+json,42,42001
SAO MIGUEL DOS CAMPOS,SAO MIGUEL DOS CAMPOS,https://servicodados.ibge.gov.br/api/v2/malhas/27?resolucao=4&formato=application/vnd.geo+json,27,27012
SAO PAULO,SAO PAULO,https://servicodados.ibge.gov.br/api/v2/malhas/35?resolucao=4&formato=application/vnd.geo+json,35,35061
SAO RAIMUNDO NONATO,SAO RAIMUNDO NONATO,https://servicodados.ibge.gov.br/api/v2/malhas/22?resolucao=4&formato=application/vnd.geo+json,22,22011
SAO SEBASTIAO DO PARAISO,SAO SEBASTIAO DO PARAISO,https://servicodados.ibge.gov.br/api/v2/malhas/31?resolucao=4&formato=application/vnd.geo+json,31,31048
SAPE,SAPE,https://servicodados.ibge.gov.br/api/v2/malhas/25?resolucao=4&formato=application/vnd.geo+json,25,25021
SEABRA,SEABRA,https://servicodados.ibge.gov.br/api/v2/malhas/29?resolucao=4&formato=application/vnd.geo+json,29,29023
SENA MADUREIRA,SENA MADUREIRA,https://servicodados.ibge.gov.br/api/v2/malhas/12?resolucao=4&formato=application/vnd.geo+json,12,12003
SENHOR DO BONFIM,SENHOR DO BONFIM,https://servicodados.ibge.gov.br/api/v2/malhas/29?resolucao=4&formato=application/vnd.geo+json,29,29008
SERGIPANA DO SERTAO DO SAO FRANCISCO,SERGIPANA DO SERTAO DO SAO FRANCISCO,https://servicodados.ibge.gov.br/api/v2/malhas/28?resolucao=4&formato=application/vnd.geo+json,28,28001
SERIDO OCIDENTAL,SERIDO OCIDENTAL,https://servicodados.ibge.gov.br/api/v2/malhas/24?resolucao=4&formato=application/vnd.geo+json,24,24011
SERIDO OCIDENTAL PARAIBANO,SERIDO OCIDENTAL PARAIBANO,https://servicodados.ibge.gov.br/api/v2/malhas/25?resolucao=4&formato=application/vnd.geo+json,25,25008
SERIDO ORIENTAL,SERIDO ORIENTAL,https://servicodados.ibge.gov.br/api/v2/malhas/24?resolucao=4&formato=application/vnd.geo+json,24,24012
SERIDO ORIENTAL PARAIBANO,SERIDO ORIENTAL PARAIBANO,https://servicodados.ibge.gov.br/api/v2/malhas/25?resolucao=4&formato=application/vnd.geo+json,25,25009
SERRA DE SANTANA,SERRA DE SANTANA,https://servicodados.ibge.gov.br/api/v2/malhas/24?resolucao=4&formato=application/vnd.geo+json,24,24010
SERRA DE SAO MIGUEL,SERRA DE SAO MIGUEL,https://servicodados.ibge.gov.br/api/v2/malhas/24?resolucao=4&formato=application/vnd.geo+json,24,24005
SERRA DO PEREIRO,SERRA DO PEREIRO,https://servicodados.ibge.gov.br/api/v2/malhas/23?resolucao=4&formato=application/vnd.geo+json,23,23025
SERRA DO TEIXEIRA,SERRA DO TEIXEIRA,https://servicodados.ibge.gov.br/api/v2/malhas/25?resolucao=4&formato=application/vnd.geo+json,25,25007
SERRANA,SERRANA,https://servicodados.ibge.gov.br/api/v2/malhas/33?resolucao=4&formato=application/vnd.geo+json,33,33015
SERRANA DO SERTAO ALAGOANO,SERRANA DO SERTAO ALAGOANO,https://servicodados.ibge.gov.br/api/v2/malhas/27?resolucao=4&formato=application/vnd.geo+json,27,27001
SERRANA DOS QUILOMBOS,SERRANA DOS QUILOMBOS,https://servicodados.ibge.gov.br/api/v2/malhas/27?resolucao=4&formato=application/vnd.geo+json,27,27008
SERRAS DE SUDESTE,SERRAS DE SUDESTE,https://servicodados.ibge.gov.br/api/v2/malhas/43?resolucao=4&formato=application/vnd.geo+json,43,43032
SERRINHA,SERRINHA,https://servicodados.ibge.gov.br/api/v2/malhas/29?resolucao=4&formato=application/vnd.geo+json,29,29016
SERTAO DE CRATEUS,SERTAO DE CRATEUS,https://servicodados.ibge.gov.br/api/v2/malhas/23?resolucao=4&formato=application/vnd.geo+json,23,23018
SERTAO DE INHAMUNS,SERTAO DE INHAMUNS,https://servicodados.ibge.gov.br/api/v2/malhas/23?resolucao=4&formato=application/vnd.geo+json,23,23020
SERTAO DE QUIXERAMOBIM,SERTAO DE QUIXERAMOBIM,https://servicodados.ibge.gov.br/api/v2/malhas/23?resolucao=4&formato=application/vnd.geo+json,23,23019
SERTAO DE SENADOR POMPEU,SERTAO DE SENADOR POMPEU,https://servicodados.ibge.gov.br/api/v2/malhas/23?resolucao=4&formato=application/vnd.geo+json,23,23021
SERTAO DO MOXOTO,SERTAO DO MOXOTO,https://servicodados.ibge.gov.br/api/v2/malhas/26?resolucao=4&formato=application/vnd.geo+json,26,26004
SETE LAGOAS,SETE LAGOAS,https://servicodados.ibge.gov.br/api/v2/malhas/31?resolucao=4&formato=application/vnd.geo+json,31,31027
SINOP,SINOP,https://servicodados.ibge.gov.br/api/v2/malhas/51?resolucao=4&formato=application/vnd.geo+json,51,51007
SOBRAL,SOBRAL,https://servicodados.ibge.gov.br/api/v2/malhas/23?resolucao=4&formato=application/vnd.geo+json,23,23005
SOLEDADE,SOLEDADE,https://servicodados.ibge.gov.br/api/v2/malhas/43?resolucao=4&formato=application/vnd.geo+json,43,43013
SOROCABA,SOROCABA,https://servicodados.ibge.gov.br/api/v2/malhas/35?resolucao=4&formato=application/vnd.geo+json,35,35046
SOUSA,SOUSA,https://servicodados.ibge.gov.br/api/v2/malhas/25?resolucao=4&formato=application/vnd.geo+json,25,25003
SUAPE,SUAPE,https://servicodados.ibge.gov.br/api/v2/malhas/26?resolucao=4&formato=application/vnd.geo+json,26,26018
SUDESTE DE RORAIMA,SUDESTE DE RORAIMA,https://servicodados.ibge.gov.br/api/v2/malhas/14?resolucao=4&formato=application/vnd.geo+json,14,14004
SUDOESTE DE GOIAS,SUDOESTE DE GOIAS,https://servicodados.ibge.gov.br/api/v2/malhas/52?resolucao=4&formato=application/vnd.geo+json,52,52013
TABULEIRO,TABULEIRO,https://servicodados.ibge.gov.br/api/v2/malhas/42?resolucao=4&formato=application/vnd.geo+json,42,42017
TANGARA DA SERRA,TANGARA DA SERRA,https://servicodados.ibge.gov.br/api/v2/malhas/51?resolucao=4&formato=application/vnd.geo+json,51,51013
TARAUACA,TARAUACA,https://servicodados.ibge.gov.br/api/v2/malhas/12?resolucao=4&formato=application/vnd.geo+json,12,12002
TATUI,TATUI,https://servicodados.ibge.gov.br/api/v2/malhas/35?resolucao=4&formato=application/vnd.geo+json,35,35043
TEFE,TEFE,https://servicodados.ibge.gov.br/api/v2/malhas/13?resolucao=4&formato=application/vnd.geo+json,13,13005
TELEMACO BORBA,TELEMACO BORBA,https://servicodados.ibge.gov.br/api/v2/malhas/41?resolucao=4&formato=application/vnd.geo+json,41,41019
TEOFILO OTONI,TEOFILO OTONI,https://servicodados.ibge.gov.br/api/v2/malhas/31?resolucao=4&formato=application/vnd.geo+json,31,31015
TERESINA,TERESINA,https://servicodados.ibge.gov.br/api/v2/malhas/22?resolucao=4&formato=application/vnd.geo+json,22,22003
TESOURO,TESOURO,https://servicodados.ibge.gov.br/api/v2/malhas/51?resolucao=4&formato=application/vnd.geo+json,51,51020
TIJUCAS,TIJUCAS,https://servicodados.ibge.gov.br/api/v2/malhas/42?resolucao=4&formato=application/vnd.geo+json,42,42015
TOBIAS BARRETO,TOBIAS BARRETO,https://servicodados.ibge.gov.br/api/v2/malhas/28?resolucao=4&formato=application/vnd.geo+json,28,28005
TOLEDO,TOLEDO,https://servicodados.ibge.gov.br/api/v2/malhas/41?resolucao=4&formato=application/vnd.geo+json,41,41022
TOME-ACU,TOME-ACU,https://servicodados.ibge.gov.br/api/v2/malhas/15?resolucao=4&formato=application/vnd.geo+json,15,15012
TRAIPU,TRAIPU,https://servicodados.ibge.gov.br/api/v2/malhas/27?resolucao=4&formato=application/vnd.geo+json,27,27007
TRES LAGOAS,TRES LAGOAS,https://servicodados.ibge.gov.br/api/v2/malhas/50?resolucao=4&formato=application/vnd.geo+json,50,50007
TRES MARIAS,TRES MARIAS,https://servicodados.ibge.gov.br/api/v2/malhas/31?resolucao=4&formato=application/vnd.geo+json,31,31024
TRES PASSOS,TRES PASSOS,https://servicodados.ibge.gov.br/api/v2/malhas/43?resolucao=4&formato=application/vnd.geo+json,43,43002
TRES RIOS,TRES RIOS,https://servicodados.ibge.gov.br/api/v2/malhas/33?resolucao=4&formato=application/vnd.geo+json,33,33005
TUBARAO,TUBARAO,https://servicodados.ibge.gov.br/api/v2/malhas/42?resolucao=4&formato=application/vnd.geo+json,42,42018
TUCURUI,TUCURUI,https://servicodados.ibge.gov.br/api/v2/malhas/15?resolucao=4&formato=application/vnd.geo+json,15,15016
TUPA,TUPA,https://servicodados.ibge.gov.br/api/v2/malhas/35?resolucao=4&formato=application/vnd.geo+json,35,35037
UBA,UBA,https://servicodados.ibge.gov.br/api/v2/malhas/31?resolucao=4&formato=application/vnd.geo+json,31,31064
UBERABA,UBERABA,https://servicodados.ibge.gov.br/api/v2/malhas/31?resolucao=4&formato=application/vnd.geo+json,31,31022
UBERLANDIA,UBERLANDIA,https://servicodados.ibge.gov.br/api/v2/malhas/31?resolucao=4&formato=application/vnd.geo+json,31,31018
UMARIZAL,UMARIZAL,https://servicodados.ibge.gov.br/api/v2/malhas/24?resolucao=4&formato=application/vnd.geo+json,24,24007
UMBUZEIRO,UMBUZEIRO,https://servicodados.ibge.gov.br/api/v2/malhas/25?resolucao=4&formato=application/vnd.geo+json,25,25019
UMUARAMA,UMUARAMA,https://servicodados.ibge.gov.br/api/v2/malhas/41?resolucao=4&formato=application/vnd.geo+json,41,41002
UNAI,UNAI,https://servicodados.ibge.gov.br/api/v2/malhas/31?resolucao=4&formato=application/vnd.geo+json,31,31001
UNIAO DA VITORIA,UNIAO DA VITORIA,https://servicodados.ibge.gov.br/api/v2/malhas/41?resolucao=4&formato=application/vnd.geo+json,41,41033
URUBURETAMA,URUBURETAMA,https://servicodados.ibge.gov.br/api/v2/malhas/23?resolucao=4&formato=application/vnd.geo+json,23,23010
VACARIA,VACARIA,https://servicodados.ibge.gov.br/api/v2/malhas/43?resolucao=4&formato=application/vnd.geo+json,43,43015
VALE DO ACU,VALE DO ACU,https://servicodados.ibge.gov.br/api/v2/malhas/24?resolucao=4&formato=application/vnd.geo+json,24,24004
VALE DO IPANEMA,VALE DO IPANEMA,https://servicodados.ibge.gov.br/api/v2/malhas/26?resolucao=4&formato=application/vnd.geo+json,26,26007
VALE DO IPOJUCA,VALE DO IPOJUCA,https://servicodados.ibge.gov.br/api/v2/malhas/26?resolucao=4&formato=application/vnd.geo+json,26,26008
VALE DO PARAIBA FLUMINENSE,VALE DO PARAIBA FLUMINENSE,https://servicodados.ibge.gov.br/api/v2/malhas/33?resolucao=4&formato=application/vnd.geo+json,33,33011
VALE DO RIO DOS BOIS,VALE DO RIO DOS BOIS,https://servicodados.ibge.gov.br/api/v2/malhas/52?resolucao=4&formato=application/vnd.geo+json,52,52014
VALENCA,VALENCA,https://servicodados.ibge.gov.br/api/v2/malhas/29?resolucao=4&formato=application/vnd.geo+json,29,29030
VALENCA DO PIAUI,VALENCA DO PIAUI,https://servicodados.ibge.gov.br/api/v2/malhas/22?resolucao=4&formato=application/vnd.geo+json,22,22006
VAO DO PARANA,VAO DO PARANA,https://servicodados.ibge.gov.br/api/v2/malhas/52?resolucao=4&formato=application/vnd.geo+json,52,52011
VARGINHA,VARGINHA,https://servicodados.ibge.gov.br/api/v2/malhas/31?resolucao=4&formato=application/vnd.geo+json,31,31050
VARZEA ALEGRE,VARZEA ALEGRE,https://servicodados.ibge.gov.br/api/v2/malhas/23?resolucao=4&formato=application/vnd.geo+json,23,23027
VASSOURAS,VASSOURAS,https://servicodados.ibge.gov.br/api/v2/malhas/33?resolucao=4&formato=application/vnd.geo+json,33,33014
VICOSA,VICOSA,https://servicodados.ibge.gov.br/api/v2/malhas/31?resolucao=4&formato=application/vnd.geo+json,31,31062
VILHENA,VILHENA,https://servicodados.ibge.gov.br/api/v2/malhas/11?resolucao=4&formato=application/vnd.geo+json,11,11007
VITORIA,VITORIA,https://servicodados.ibge.gov.br/api/v2/malhas/32?resolucao=4&formato=application/vnd.geo+json,32,32009
VITORIA DA CONQUISTA,VITORIA DA CONQUISTA,https://servicodados.ibge.gov.br/api/v2/malhas/29?resolucao=4&formato=application/vnd.geo+json,29,29028
VITORIA DE SANTO ANTAO,VITORIA DE SANTO ANTAO,https://servicodados.ibge.gov.br/api/v2/malhas/26?resolucao=4&formato=application/vnd.geo+json,26,26014
VOTUPORANGA,VOTUPORANGA,https://servicodados.ibge.gov.br/api/v2/malhas/35?resolucao=4&formato=application/vnd.geo+json,35,35003
WENCESLAU BRAZ,WENCESLAU BRAZ,https://servicodados.ibge.gov.br/api/v2/malhas/41?resolucao=4&formato=application/vnd.geo+json,41,41018
XANXERE,XANXERE,https://servicodados.ibge.gov.br/api/v2/malhas/42?resolucao=4&formato=application/vnd.geo+json,42,42003
GURUPI(TO),GURUPI(TO),https://servicodados.ibge.gov.br/api/v2/malhas/17?resolucao=4&formato=application/vnd.geo+json,17,17005
GURUPI(MA),GURUPI(MA),https://servicodados.ibge.gov.br/api/v2/malhas/21?resolucao=4&formato=application/vnd.geo+json,21,21007
LITORAL SUL(RN),LITORAL SUL(RN),https://servicodados.ibge.gov.br/api/v2/malhas/24?resolucao=4&formato=application/vnd.geo+json,24,24019
LITORAL SUL(PA),LITORAL SUL(PA),https://servicodados.ibge.gov.br/api/v2/malhas/25?resolucao=4&formato=application/vnd.geo+json,25,25023
CASCAVEL(CE),CASCAVEL(CE),https://servicodados.ibge.gov.br/api/v2/malhas/23?resolucao=4&formato=application/vnd.geo+json,23,23015
CASCAVEL(PN),CASCAVEL(PN),https://servicodados.ibge.gov.br/api/v2/malhas/41?resolucao=4&formato=application/vnd.geo+json,41,41023
RIO NEGRO(AM),RIO NEGRO(AM),https://servicodados.ibge.gov.br/api/v2/malhas/13?resolucao=4&formato=application/vnd.geo+json,13,13001
RIO NEGRO(PN),RIO NEGRO(PN),https://servicodados.ibge.gov.br/api/v2/malhas/41?resolucao=4&formato=application/vnd.geo+json,41,41039
